ar:
  timezones:
    "American Samoa": "ساموا الأمريكية" # -11:00
    "International Date Line West": "خط التوقيت الدولي الغربي" # -11:00
    "Midway Island": "جزيرة ميدواي" # -11:00
    "Hawaii": "هاواي" # -10:00
    "Alaska": "ألاسكا" # -09:00
    "Pacific Time (US & Canada)": "توقيت المحيط الهادي (الولايات المتحدة وكندا)" # -08:00
    "Tijuana": "تيخوانا" # -08:00
    "Arizona": "أريزونا" # -07:00
    "Chihuahua": "تشيهواهوا" # -07:00
    "Mazatlan": "مازاتلان" # -07:00
    "Mountain Time (US & Canada)": "توقيت جبال الروكي (الولايات المتحدة وكندا)" # -07:00
    "Central America": "أمريكا الوسطى" # -06:00
    "Central Time (US & Canada)": "التوقيت المركزي (الولايات المتحدة وكندا)" # -06:00
    "Guadalajara": "غوادالاخارا" # -06:00
    "Mexico City": "المكسيك" # -06:00
    "Monterrey": "مونتيري" # -06:00
    "Saskatchewan": "ساسكاتشوان" # -06:00
    "Bogota": "بوغوتا" # -05:00
    "Eastern Time (US & Canada)": "التوقيت الشرقى (الولايات المتحدة وكندا)" # -05:00
    "Indiana (East)": "إنديانا (شرق)" # -05:00
    "Lima": "ليما" # -05:00
    "Quito": "كيتو" # -04:00
    "Caracas": "كراكاس" # -04:00
    "Atlantic Time (Canada)": "توقيت المحيط الأطلسي (كندا)" # -04:00
    "Georgetown": "جورج تاون" # -04:00
    "La Paz": "لاباز" # -04:00
    "Santiago": "سانتياغو" # -04:00
    "Newfoundland": "نيوفاوندلاند" # -03:30
    "Brasilia": "برازيليا" # -03:00
    "Buenos Aires": وينس آيرس" # -03:00
    "Greenland": "جرينلاند" # -03:00
    "Mid-Atlantic": "منتصف المحيط الأطلسي" # -02:00
    "Azores": "الأزور" # -01:00
    "Cape Verde Is.": "كاب فيردي" # -01:00
    "Casablanca": "الدار البيضاء" # +00:00
    "Dublin": "دبلن" # +00:00
    "Edinburgh": "أدنبرة" # +00:00
    "Lisbon": "لشبونة" # +00:00
    "London": "لندن" # +00:00
    "Monrovia": "مونروفيا" # +00:00
    "UTC": "التوقيت العالمي" # +00:00
    "Amsterdam": "أمستردام" # +01:00
    "Belgrade": "بلغراد" # +01:00
    "Berlin": "برلين" # +01:00
    "Bern": "لرن" # +01:00
    "Bratislava": "براتيسلافا" # +01:00
    "Brussels": "بروكسيل" # +01:00
    "Budapest": "بودابست" # +01:00
    "Copenhagen": "كوبنهاغن" # +01:00
    "Ljubljana": "ليوبليانا" # +01:00
    "Madrid": "مدريد" # +01:00
    "Paris": "باريس" # +01:00
    "Prague":  "براغ" # +01:00
    "Rome": "روما" # +01:00
    "Sarajevo": "سراييفو" # +01:00
    "Skopje": "سكوبي" # +01:00
    "Stockholm": "ستوكهولم" # +01:00
    "Vienna": " فيينا" # +01:00
    "Warsaw": "وارسو" # +01:00
    "West Central Africa": "غرب ووسط أفريقيا" # +01:00
    "Zagreb": " زغرب" # +01:00
    "Athens": " أثينا" # +01:00
    "Bucharest": " بوخارست" # +02:00
    "Cairo": "القاهرة" # +02:00
    "Harare": "هراري" # +02:00
    "Helsinki": "هلسنكي" # +02:00
    "Istanbul": "اسطنبول" # +02:00
    "Jerusalem": "القدس" # +02:00
    "Kyiv": "كييف" # +02:00
    "Pretoria": "بريتوريا" # +02:00
    "Kaliningrad": "كالينينغراد" # +02:00
    "Riga": "ريغا" # +02:00
    "Sofia": "صوفيا" # +02:00
    "Tallinn": "تالين" # +02:00
    "Vilnius": " فيلنيوس" # +02:00
    "Baghdad": "بغداد" # +03:00
    "Kuwait": "الكويت" # +03:00
    "Minsk": "مينسك" # +03:00
    "Nairobi": " نيروبي" # +03:00
    "Riyadh": "الرياض" # +03:00
    "Tehran": "طهران" # +03:30
    "Abu Dhabi": "ابو ظبي" # +04:00
    "Baku": "باكو" # +04:00
    "Moscow": "موسكو" # +03:00
    "Muscat": "مسقط" # +04:00
    "St. Petersburg": "سانت بترسبورغ-" # +03:00
    "Tbilisi": "تبيليسي" # +04:00
    "Volgograd": "فولغوغراد" # +03:00
    "Samara": "سامارا, روسيا" # +04:00
    "Yerevan": "يريفان" # +04:00
    "Kabul": "كابول" # +04:30
    "Islamabad": "إسلام أباد" # +05:00
    "Karachi": "كراتشي" # +05:00
    "Tashkent": " طشقند" # +05:00
    "Chennai": "تشيناي" # +05:30
    "Kolkata": "كالكوتا" # +05:30
    "Mumbai": "بومباي" # +05:30
    "New Delhi": "نيودلهي" # +05:30
    "Sri Jayawardenepura": " سري جاياواردنابورا " # +05:30
    "Kathmandu": " كاتماندو" # +05:45
    "Almaty": "ألماتي" # +06:00
    "Astana": "أستانا" # +06:00
    "Dhaka": "دكا" # +06:00
    "Ekaterinburg": " ايكاترينبرغ" # +05:00
    "Rangoon": "رانغون"  # +06:30
    "Bangkok": "بانكوك" # +07:00
    "Hanoi": "هانوي" # +07:00
    "Jakarta": "جاكرتا" # +07:00
    "Novosibirsk": " نوفوسيبيرسك " # +06:00
    "Beijing": "بيكين" # +08:00
    "Chongqing": "تشونغتشينغ" # +08:00
    "Hong Kong": "هونغ كونغ" # +08:00
    "Krasnoyarsk": " كراسنويارسك " # +07:00
    "Kuala Lumpur": "كوالا لمبور" # +08:00
    "Perth": "بيرث" # +08:00
    "Singapore": " سنغافورة " # +08:00
    "Taipei": "تايبيه" # +08:00
    "Ulaan Bataar": "أولان باتور" # +08:00
    "Urumqi": "أورومتشي" # +08:00
    "Irkutsk": " إيركوتسك " # +08:00
    "Osaka": "أوساكا" # +09:00
    "Sapporo": "سابورو" # +09:00
    "Seoul":  "سيول" # +09:00
    "Tokyo": "طوكيو" # +09:00
    "Adelaide":  "أديلايد" # +09:30
    "Darwin": "داروين" # +09:30
    "Brisbane": "بريسبان" # +10:00
    "Canberra": "كانبيرا" # +10:00
    "Guam": "غوام" # +10:00
    "Hobart": "هوبارت" # +10:00
    "Melbourne": "ملبورن" # +10:00
    "Port Moresby": "بورت مورسبي" # +10:00
    "Sydney": "سيدني" # +10:00
    "Yakutsk": " ياكوتسك " # +09:00
    "New Caledonia": "نوفيل-كاليدونيا" # +11:00
    "Vladivostok": "فلاديفوستوك" # +10:00
    "Srednekolymsk": "سريدنكوليمسك" # +11:00
    "Auckland": "أوكلاند" # +12:00
    "Fiji": "فيجي" # +12:00
    "Kamchatka": " كامتشاتكا " # +12:00
    "Magadan": "ماغادان" # +12:00
    "Marshall Is.": "جزر مارشال" # +12:00
    "Solomon Is.": "جزر سالومون" # +12:00
    "Wellington": "ويلينغتون" # +12:00
    "Nuku'alofa": "نوكوالوفا" # +13:00
    "Samoa": "ساموا" # +13:00
    "Tokelau Is.": "توكيلاو" # +14:00
    "Montevideo": "مونتيفيديو"
    "Ulaanbaatar": "أولان باتور"
    "Chatham Is.": "هل تشاتام"
    "Zurich": "زيوريخ"
