it:
  timezones:
    "American Samoa": "Samoa Americane"
    "International Date Line West": "Linea del cambiamento di data ovest"
    "Midway Island": "Isola di Midway"
    "Hawaii": "Hawaii"
    "Alaska": "Alaska"
    "Pacific Time (US & Canada)": "Fuso orario del Pacifico (USA e Canada)"
    "Tijuana": "Tijuana"
    "Arizona": "Arizona"
    "Chihuahua": "Chihuahua"
    "Mazatlan": "Mazatlan"
    "Mountain Time (US & Canada)": "Fuso orario delle Montagne Rocciose (USA e Canada)"
    "Central America": "America Centrale"
    "Central Time (US & Canada)": "Fuso orario centrale (USA e Canada)"
    "Guadalajara": "Guadalajara"
    "Mexico City": "Città del Messico"
    "Monterrey": "Monterrey"
    "Saskatchewan": "Saskatchewan"
    "Bogota": "Bogotà"
    "Eastern Time (US & Canada)": "Fuso orario orientale (USA e Canada)"
    "Indiana (East)": "Indiana (est)"
    "Lima": "Lima"
    "Quito": "Quito"
    "Caracas": "Caracas"
    "Atlantic Time (Canada)": "Fuso orario atlantico (Canada)"
    "Georgetown": "Georgetown"
    "La Paz": "La Paz"
    "Santiago": "Santiago"
    "Newfoundland": "Terranova"
    "Brasilia": "Brasilia"
    "Buenos Aires": "Buenos Aires"
    "Greenland": "Groenlandia"
    "Mid-Atlantic": "Atlantico centrale"
    "Azores": "Azzorre"
    "Cape Verde Is.": "Isole di Capo Verde"
    "Casablanca": "Casablanca"
    "Dublin": "Dublino"
    "Edinburgh": "Edimburgo"
    "Lisbon": "Lisbona"
    "London": "Londra"
    "Monrovia": "Monrovia"
    "UTC": "UTC"
    "Amsterdam": "Amsterdam"
    "Belgrade": "Belgrado"
    "Berlin": "Berlino"
    "Bern": "Berna"
    "Bratislava": "Bratislava"
    "Brussels": "Bruxelles"
    "Budapest": "Budapest"
    "Copenhagen": "Copenhagen"
    "Ljubljana": "Lubiana"
    "Madrid": "Madrid"
    "Paris": "Parigi"
    "Prague": "Praga"
    "Rome": "Roma"
    "Sarajevo": "Sarajevo"
    "Skopje": "Skopje"
    "Stockholm": "Stoccolma"
    "Vienna": "Vienna"
    "Warsaw": "Varsavia"
    "West Central Africa": "Africa centrale occidentale"
    "Zagreb": "Zagabria"
    "Athens": "Atene"
    "Bucharest": "Bucarest"
    "Cairo": "Il Cairo"
    "Harare": "Harare"
    "Helsinki": "Helsinki"
    "Istanbul": "Istanbul"
    "Jerusalem": "Gerusalemme"
    "Kyiv": "Kiev"
    "Pretoria": "Pretoria"
    "Kaliningrad": "Kaliningrad"
    "Riga": "Riga"
    "Sofia": "Sofia"
    "Tallinn": "Tallinn"
    "Vilnius": "Vilnius"
    "Baghdad": "Baghdad"
    "Kuwait": "Kuwait"
    "Minsk": "Minsk"
    "Nairobi": "Nairobi"
    "Riyadh": "Riyad"
    "Tehran": "Teheran"
    "Abu Dhabi": "Abu Dhabi"
    "Baku": "Baku"
    "Moscow": "Mosca"
    "Muscat": "Mascate"
    "St. Petersburg": "San Pietroburgo"
    "Tbilisi": "Tbilisi"
    "Volgograd": "Volgograd"
    "Samara": "Samara"
    "Yerevan": "Erevan"
    "Kabul": "Kabul"
    "Islamabad": "Islamabad"
    "Karachi": "Karachi"
    "Tashkent": "Tashkent"
    "Chennai": "Chennai"
    "Kolkata": "Calcutta"
    "Mumbai": "Mumbai"
    "New Delhi": "Nuova Delhi"
    "Sri Jayawardenepura": "Sri Jayawardenapura"
    "Kathmandu": "Katmandu"
    "Almaty": "Almaty"
    "Astana": "Astana"
    "Dhaka": "Dacca"
    "Ekaterinburg": "Ekaterinburg"
    "Rangoon": "Rangoon"
    "Bangkok": "Bangkok"
    "Hanoi": "Hanoi"
    "Jakarta": "Giacarta"
    "Novosibirsk": "Novosibirsk"
    "Beijing": "Pechino"
    "Chongqing": "Chongqing"
    "Hong Kong": "Hong Kong"
    "Krasnoyarsk": "Krasnojarsk"
    "Kuala Lumpur": "Kuala Lumpur"
    "Perth": "Perth"
    "Singapore": "Singapore"
    "Taipei": "Taipei"
    "Ulaan Baatar": "Ulan Bator"
    "Ulaanbaatar": "Ulan Bator"
    "Urumqi": "Ürümqi"
    "Irkutsk": "Irkutsk"
    "Osaka": "Osaka"
    "Sapporo": "Sapporo"
    "Seoul": "Seul"
    "Tokyo": "Tokyo"
    "Adelaide": "Adelaide"
    "Darwin": "Darwin"
    "Brisbane": "Brisbane"
    "Canberra": "Canberra"
    "Guam": "Guam"
    "Hobart": "Hobart"
    "Melbourne": "Melbourne"
    "Port Moresby": "Port Moresby"
    "Sydney": "Sydney"
    "Yakutsk": "Jakutsk"
    "New Caledonia": "Nuova Caledonia"
    "Vladivostok": "Vladivostok"
    "Srednekolymsk": "Srednekolymsk"
    "Auckland": "Auckland"
    "Fiji": "Figi"
    "Kamchatka": "Kamčatka"
    "Magadan": "Magadan"
    "Marshall Is.": "Isole Marshall"
    "Solomon Is.": "Isole Salomone"
    "Wellington": "Wellington"
    "Nuku'alofa": "Nuku'alofa"
    "Samoa": "Samoa"
    "Tokelau Is.": "Isole Tokelau"
    "Montevideo": "Montevideo"
    "Chatham Is.": "Isole Chatham"
    "Zurich": "Zurigo"
    "Puerto Rico": "Puerto Rico"
