ja:
  timezones:
    "International Date Line West": "日付変更線西側"
    "Midway Island": "ミッドウェー島"
    "American Samoa": "米領サモア"
    "Samoa": "サモア"
    "Hawaii": "ハワイ"
    "Alaska": "アラスカ"
    "Pacific Time (US & Canada)": "太平洋時間（米国とカナダ）"
    "Tijuana": "ティファナ"
    "Mountain Time (US & Canada)": "山岳部時間（米国とカナダ）"
    "Arizona": "アリゾナ"
    "Chihuahua": "チワワ"
    "Mazatlan": "マサトラン"
    "Central Time (US & Canada)": "中部時間（米国とカナダ）"
    "Saskatchewan": "サスカチュワン"
    "Guadalajara": "グアダラハラ"
    "Mexico City": "メキシコシティ"
    "Monterrey": "モントレー"
    "Central America": "中央アメリカ"
    "Eastern Time (US & Canada)": "東部時間（米国とカナダ）"
    "Indiana (East)": "インディアナ（東）"
    "Bogota": "ボゴタ"
    "Lima": "リマ"
    "Quito": "キト"
    "Atlantic Time (Canada)": "大西洋時間（カナダ）"
    "Caracas": "カラカス"
    "La Paz": "ラパス"
    "Santiago": "サンティアゴ"
    "Newfoundland": "ニューファンドランド"
    "Brasilia": "ブラジリア"
    "Buenos Aires": "ブエノスアイレス"
    "Georgetown": "ジョージタウン"
    "Greenland": "グリーンランド"
    "Mid-Atlantic": "中部大西洋"
    "Azores": "アゾレス"
    "Cape Verde Is.": "カーボベルデ諸島"
    "Dublin": "ダブリン"
    "Edinburgh": "エディンバラ"
    "Lisbon": "リスボン"
    "London": "ロンドン"
    "Casablanca": "カサブランカ"
    "Monrovia": "モンロビア"
    "UTC": "UTC"
    "Belgrade": "ベオグラード"
    "Bratislava": "ブラチスラバ"
    "Budapest": "ブダペスト"
    "Ljubljana": "リュブリャナ"
    "Prague": "プラハ"
    "Sarajevo": "サラエボ"
    "Skopje": "スコピエ"
    "Warsaw": "ワルシャワ"
    "Zagreb": "ザグレブ"
    "Brussels": "ブリュッセル"
    "Copenhagen": "コペンハーゲン"
    "Madrid": "マドリード"
    "Paris": "パリ"
    "Amsterdam": "アムステルダム"
    "Berlin": "ベルリン"
    "Bern": "ベルン"
    "Rome": "ローマ"
    "Stockholm": "ストックホルム"
    "Vienna": "ウィーン"
    "West Central Africa": "西部中央アフリカ"
    "Bucharest": "ブカレスト"
    "Cairo": "カイロ"
    "Helsinki": "ヘルシンキ"
    "Kyiv": "キエフ"
    "Riga": "リガ"
    "Sofia": "ソフィア"
    "Tallinn": "タリン"
    "Vilnius": "ビリニュス"
    "Athens": "アテネ"
    "Istanbul": "イスタンブール"
    "Minsk": "ミンスク"
    "Jerusalem": "エルサレム"
    "Harare": "ハラレ"
    "Pretoria": "プレトリア"
    "Kaliningrad": "カリーニングラード"
    "Moscow": "モスクワ"
    "St. Petersburg": "サンクトペテルブルク"
    "Volgograd": "ボルゴグラード"
    "Samara": "サマーラ"
    "Kuwait": "クウェート"
    "Riyadh": "リヤド"
    "Nairobi": "ナイロビ"
    "Baghdad": "バグダッド"
    "Tehran": "テヘラン"
    "Abu Dhabi": "アブダビ"
    "Muscat": "マスカット"
    "Baku": "バクー"
    "Tbilisi": "トビリシ"
    "Yerevan": "エレバン"
    "Kabul": "カブール"
    "Ekaterinburg": "エカテリンブルク"
    "Islamabad": "イスラマバード"
    "Karachi": "カラチ"
    "Tashkent": "タシュケント"
    "Chennai": "チェンナイ"
    "Kolkata": "コルカタ"
    "Mumbai": "ムンバイ"
    "New Delhi": "ニューデリー"
    "Kathmandu": "カトマンズ"
    "Astana": "アスタナ"
    "Dhaka": "ダッカ"
    "Sri Jayawardenepura": "スリジャヤワルダナプラ"
    "Almaty": "アルマトイ"
    "Novosibirsk": "ノボシビルスク"
    "Rangoon": "ヤンゴン"
    "Bangkok": "バンコク"
    "Hanoi": "ハノイ"
    "Jakarta": "ジャカルタ"
    "Krasnoyarsk": "クラスノヤルスク"
    "Beijing": "北京"
    "Chongqing": "重慶"
    "Hong Kong": "香港"
    "Urumqi": "ウルムチ"
    "Kuala Lumpur": "クアラルンプール"
    "Singapore": "シンガポール"
    "Taipei": "台北"
    "Perth": "パース"
    "Irkutsk": "イルクーツク"
    "Ulaan Bataar": "ウランバートル"
    "Seoul": "ソウル"
    "Osaka": "大阪"
    "Sapporo": "札幌"
    "Tokyo": "東京"
    "Yakutsk": "ヤクーツク"
    "Darwin": "ダーウィン"
    "Adelaide": "アデレード"
    "Canberra": "キャンベラ"
    "Melbourne": "メルボルン"
    "Sydney": "シドニー"
    "Brisbane": "ブリスベン"
    "Hobart": "ホバート"
    "Vladivostok": "ウラジオストク"
    "Srednekolymsk": "スレドネコリムスク"
    "Guam": "グアム"
    "Port Moresby": "ポートモレスビー"
    "Magadan": "マガダン"
    "Solomon Is.": "ソロモン諸島"
    "New Caledonia": "ニューカレドニア"
    "Fiji": "フィジー"
    "Kamchatka": "カムチャツカ"
    "Marshall Is.": "マーシャル諸島"
    "Auckland": "オークランド"
    "Wellington": "ウェリントン"
    "Nuku'alofa": "ヌクアロファ"
    "Tokelau Is.": "トケラウ諸島"
    "Montevideo": "モンテビデオ"
    "Ulaanbaatar": "ウランバートル"
    "Chatham Is.": "チャタム島"
    "Zurich": "チューリッヒ"
