ko:
  timezones:
    "International Date Line West": "날짜 변경선 서쪽"
    "Midway Island": "미드웨이 섬"
    "American Samoa": "미국령 사모아"
    "Samoa": "사모아"
    "Hawaii": "하와이"
    "Alaska": "알래스카"
    "Pacific Time (US & Canada)": "태평양 시간대 (미국 & 캐나다)"
    "Tijuana": "티후아나"
    "Mountain Time (US & Canada)": "산악 시간대 (미국 & 캐나다)"
    "Arizona": "애리조나"
    "Chihuahua": "치와와"
    "Mazatlan": "마사티안"
    "Central Time (US & Canada)": "중부 시간대 (미국 & 캐나다)"
    "Saskatchewan": "서스캐처원"
    "Guadalajara": "과달라하라"
    "Mexico City": "멕시코시티"
    "Monterrey": "몬테레이"
    "Central America": "중앙 아메리카"
    "Eastern Time (US & Canada)": "동부 시간대 (미국 & 캐나다)"
    "Indiana (East)": "인디애나 (동쪽)"
    "Bogota": "보고타"
    "Lima": "리마"
    "Quito": "키토"
    "Atlantic Time (Canada)": "대서양 시간대 (캐나다)"
    "Caracas": "카라카스"
    "La Paz": "라파스"
    "Santiago": "산티아고"
    "Newfoundland": "뉴펀들랜드"
    "Brasilia": "브라질리아"
    "Buenos Aires": "부에노스아이레스"
    "Georgetown": "조지타운"
    "Greenland": "그린란드"
    "Mid-Atlantic": "중앙 대서양"
    "Azores": "아소르스"
    "Cape Verde Is.": "카보베르데 제도"
    "Dublin": "더블린"
    "Edinburgh": "에든버러"
    "Lisbon": "리스본"
    "London": "런던"
    "Casablanca": "카사블랑카"
    "Monrovia": "몬로비아"
    "UTC": "UTC"
    "Belgrade": "베오그라드"
    "Bratislava": "브라티슬라바"
    "Budapest": "부다페스트"
    "Ljubljana": "류블랴냐"
    "Prague": "프라하"
    "Sarajevo": "사라예보"
    "Skopje": "스코페"
    "Warsaw": "바르샤뱌"
    "Zagreb": "자그레브"
    "Brussels": "브뤼셀"
    "Copenhagen": "코펜하겐"
    "Madrid": "마드리드"
    "Paris": "파리"
    "Amsterdam": "암스테르담"
    "Berlin": "베를린"
    "Bern": "베른"
    "Rome": "로마"
    "Stockholm": "스톡홀름"
    "Vienna": "빈"
    "West Central Africa": "서부 중앙 아프리카"
    "Bucharest": "부쿠레슈티"
    "Cairo": "카이로"
    "Helsinki": "헬싱키"
    "Kyiv": "키예프"
    "Riga": "리가"
    "Sofia": "소피아"
    "Tallinn": "탈린"
    "Vilnius": "빌뉴스"
    "Athens": "아테네"
    "Istanbul": "이스탄불"
    "Minsk": "민스크"
    "Jerusalem": "예루살렘"
    "Harare": "하라레"
    "Pretoria": "프리토리아"
    "Kaliningrad": "칼리닌그라드"
    "Moscow": "모스크바"
    "St. Petersburg": "상트페테르부르크"
    "Volgograd": "볼고그라드"
    "Samara": "사마라"
    "Kuwait": "쿠웨이트"
    "Riyadh": "리야드"
    "Nairobi": "나이로비"
    "Baghdad": "바그다드"
    "Tehran": "테헤란"
    "Abu Dhabi": "아부다비"
    "Muscat": "무스카트"
    "Baku": "바쿠"
    "Tbilisi": "트빌리시"
    "Yerevan": "예레반"
    "Kabul": "카불"
    "Ekaterinburg": "예카테린부르크"
    "Islamabad": "이슬라마바드"
    "Karachi": "카라치"
    "Tashkent": "타슈켄트"
    "Chennai": "첸나이"
    "Kolkata": "콜카타"
    "Mumbai": "뭄바이"
    "New Delhi": "뉴델리"
    "Kathmandu": "카트만두"
    "Astana": "아스타나"
    "Dhaka": "다카"
    "Sri Jayawardenepura": "스리자야와르데네푸라"
    "Almaty": "알마티"
    "Novosibirsk": "노보시비르스크"
    "Rangoon": "양곤"
    "Bangkok": "방콕"
    "Hanoi": "하노이"
    "Jakarta": "자카르타"
    "Krasnoyarsk": "크라스노야르스크"
    "Beijing": "베이징"
    "Chongqing": "충칭"
    "Hong Kong": "홍콩"
    "Urumqi": "우루무치"
    "Kuala Lumpur": "쿠알라룸푸르"
    "Singapore": "싱가포르"
    "Taipei": "타이페이"
    "Perth": "퍼스"
    "Irkutsk": "이르쿠츠크"
    "Ulaan Bataar": "울란바토르"
    "Seoul": "서울"
    "Osaka": "오사카"
    "Sapporo": "삿포로"
    "Tokyo": "도쿄"
    "Yakutsk": "야쿠츠크"
    "Darwin": "다윈"
    "Adelaide": "애들레이드"
    "Canberra": "캔버라"
    "Melbourne": "멜버른"
    "Sydney": "시드니"
    "Brisbane": "브리즈번"
    "Hobart": "호바트"
    "Vladivostok": "블라디보스토크"
    "Srednekolymsk": "스레드네콜림스크"
    "Guam": "괌"
    "Port Moresby": "포트모르즈비"
    "Magadan": "마가단"
    "Solomon Is.": "솔로몬 제도"
    "New Caledonia": "누벨칼레도니"
    "Fiji": "피지"
    "Kamchatka": "캄차카"
    "Marshall Is.": "마셜 제도"
    "Auckland": "오클랜드"
    "Wellington": "웰링턴"
    "Nuku'alofa": "누쿠알로파"
    "Tokelau Is.": "토켈라우 제도"
    "Montevideo": "몬테비데오"
    "Ulaanbaatar": "울란바토르"
    "Chatham Is.": "채텀 아일랜드"
    "Zurich": "취리히"
