nl:
  timezones:
    "American Samoa": "Amerikaans-Samoa"
    "International Date Line West": "Internationale datumgrens West"
    "Midway Island": "Midway Eiland"
    "Hawaii": "Hawaii"
    "Alaska": "Alaska"
    "Pacific Time (US & Canada)": "Pacifische Tijd (V.S. & Canada)"
    "Tijuana": "Tijuana"
    "Arizona": "Arizona"
    "Chihuahua": "Chihuahua"
    "Mazatlan": "Mazatlan"
    "Mountain Time (US & Canada)": "Bergtijd (VS & Canada)"
    "Central America": "Midden-Amerika"
    "Central Time (US & Canada)": "Centrale Tijd (VS & Canada)"
    "Guadalajara": "Guadalajara"
    "Mexico City": "Mexico-Stad"
    "Monterrey": "Monterrey"
    "Saskatchewan": "Saskatchewan"
    "Bogota": "Bogota"
    "Eastern Time (US & Canada)": "Oostelijke Tijd (VS & Canada)"
    "Indiana (East)": "Indiana (Oosten)"
    "Lima": "Vijf"
    "Quito": "Quito"
    "Caracas": "Caracas"
    "Atlantic Time (Canada)": "Atlantische Tijd (Canada)"
    "Georgetown": "Georgetown"
    "La Paz": "La Paz"
    "Santiago": "Santiago"
    "Newfoundland": "Newfoundland"
    "Brasilia": "Brazilië"
    "Buenos Aires": "Buenos Aires"
    "Greenland": "Groenland"
    "Mid-Atlantic": "Medio Atlantische Oceaan"
    "Azores": "Azoren"
    "Cape Verde Is.": "Kaapverdische Eilanden."
    "Casablanca": "Casablanca"
    "Dublin": "Dublin"
    "Edinburgh": "Edinburgh"
    "Lisbon": "Lissabon"
    "London": "Londen"
    "Monrovia": "Monrovia"
    "UTC": "UTC"
    "Amsterdam": "Amsterdam"
    "Belgrade": "Belgrado"
    "Berlin": "Berlijn"
    "Bern": "Bern"
    "Bratislava": "Bratislava"
    "Brussels": "Brussel"
    "Budapest": "Boedapest"
    "Copenhagen": "Kopenhagen"
    "Ljubljana": "Ljubljana"
    "Madrid": "Madrid"
    "Paris": "Parijs"
    "Prague": "Praag"
    "Rome": "Rome"
    "Sarajevo": "Sarajevo"
    "Skopje": "Skopje"
    "Stockholm": "Stockholm"
    "Vienna": "Wenen"
    "Warsaw": "Warschau"
    "West Central Africa": "West Centraal-Afrika"
    "Zagreb": "Zagreb"
    "Athens": "Athene"
    "Bucharest": "Boekarest"
    "Cairo": "Kairo"
    "Harare": "Harare"
    "Helsinki": "Helsinki"
    "Istanbul": "Istanboel"
    "Jerusalem": "Jeruzalem"
    "Kyiv": "Kiev"
    "Pretoria": "Pretoria"
    "Kaliningrad": "Kaliningrad"
    "Riga": "Riga"
    "Sofia": "Sofia"
    "Tallinn": "Tallin"
    "Vilnius": "Vilnius"
    "Baghdad": "Bagdad"
    "Kuwait": "Koeweit"
    "Minsk": "Minsk"
    "Nairobi": "Nairobi"
    "Riyadh": "Riyad"
    "Tehran": "Teheran"
    "Abu Dhabi": "Abu Dhabi"
    "Baku": "Bakoe"
    "Moscow": "Moskou"
    "Muscat": "Muscat"
    "St. Petersburg": "Sint-Petersburg"
    "Tbilisi": "Tbilisi"
    "Volgograd": "Volgograd"
    "Samara": "Samara"
    "Yerevan": "Yerevan"
    "Kabul": "Kaboel"
    "Islamabad": "Islamabad"
    "Karachi": "Karachi"
    "Tashkent": "Tasjkent"
    "Chennai": "Chennai"
    "Kolkata": "Calcutta"
    "Mumbai": "Mumbai"
    "New Delhi": "Nieuw Delhi"
    "Sri Jayawardenepura": "Sri Jayawardenepura"
    "Kathmandu": "Kathmandu"
    "Almaty": "Almaty"
    "Astana": "Astana"
    "Dhaka": "Dhaka"
    "Ekaterinburg": "Jekaterinenburg"
    "Rangoon": "Rangoon"
    "Bangkok": "Bangkok"
    "Hanoi": "Hanoi"
    "Jakarta": "Jakarta"
    "Novosibirsk": "Novosibirsk"
    "Beijing": "Beijing"
    "Chongqing": "Chongqing"
    "Hong Kong": "Hong Kong"
    "Krasnoyarsk": "Krasnojarsk"
    "Kuala Lumpur": "Kuala Lumpur"
    "Perth": "Perth"
    "Singapore": "Singapore"
    "Taipei": "Taipei"
    "Ulaan Baatar": "Ulaan Bataar"
    "Ulaanbaatar": "Ulaan Bataar"
    "Urumqi": "Urumqi"
    "Irkutsk": "Irkoetsk"
    "Osaka": "Osaka"
    "Sapporo": "Sapporo"
    "Seoul": "Seoel"
    "Tokyo": "Tokyo"
    "Adelaide": "Adelaide"
    "Darwin": "Darwin"
    "Brisbane": "Brisbane"
    "Canberra": "Canberra"
    "Guam": "Guam"
    "Hobart": "Hobart"
    "Melbourne": "Melbourne"
    "Port Moresby": "Port Moresby"
    "Sydney": "Sydney"
    "Yakutsk": "Yakutsk"
    "New Caledonia": "Nieuw-Caledonië"
    "Vladivostok": "Vladivostok"
    "Srednekolymsk": "Srednekolymsk"
    "Auckland": "Auckland"
    "Fiji": "Fiji"
    "Kamchatka": "Kamtsjatka"
    "Magadan": "Magadan"
    "Marshall Is.": "Marshall Eilanden."
    "Solomon Is.": "Solomon Eilanden"
    "Wellington": "Wellington"
    "Nuku'alofa": "Nuku'alofa"
    "Samoa": "Samoa"
    "Tokelau Is.": "Tokelau Eilanden"
    "Montevideo": "Montevideo"
    "Chatham Is.": "Chatham Eilanden"
    "Zurich": "Zurich"
    "Puerto Rico": "Puerto Rico"
