zh-CN:
  timezones:
    "American Samoa": "美属萨摩亚群岛"
    "International Date Line West": "国际换日线(西)"
    "Midway Island": "中途岛"
    "Hawaii": "夏威夷"
    "Alaska": "阿拉斯加"
    "Pacific Time (US & Canada)": "太平洋时区(美国与加拿大)"
    "Tijuana": "提华纳"
    "Arizona": "亚利桑那州"
    "Chihuahua": "契瓦瓦"
    "Mazatlan": "马萨特兰"
    "Mountain Time (US & Canada)": "山区时区(美国与加拿大)"
    "Central America": "中美洲"
    "Central Time (US & Canada)": "中部时区(美国与加拿大)"
    "Guadalajara": "瓜达拉哈拉"
    "Mexico City": "墨西哥市"
    "Monterrey": "蒙特雷"
    "Saskatchewan": "萨斯喀彻温"
    "Bogota": "波哥大"
    "Eastern Time (US & Canada)": "东部时区(美国与加拿大)"
    "Indiana (East)": "印第安那州(东部)"
    "Lima": "利马"
    "Quito": "基多"
    "Caracas": "卡拉卡斯"
    "Atlantic Time (Canada)": "大西洋时间(加拿大)"
    "Georgetown": "乔治城"
    "La Paz": "拉巴斯"
    "Santiago": "圣地亚哥"
    "Newfoundland": "纽芬兰"
    "Brasilia": "巴西利亚"
    "Buenos Aires": "布宜诺斯艾利斯"
    "Greenland": "格陵兰"
    "Mid-Atlantic": "大西洋中部"
    "Azores": "亚速群岛"
    "Cape Verde Is.": "维德角岛"
    "Casablanca": "达尔贝达"
    "Dublin": "都布林"
    "Edinburgh": "爱丁堡"
    "Lisbon": "里斯本"
    "London": "伦敦"
    "Monrovia": "蒙罗维亚"
    "UTC": "世界标準时间"
    "Amsterdam": "阿姆斯特丹"
    "Belgrade": "贝尔格勒"
    "Berlin": "柏林"
    "Bern": "伯恩"
    "Bratislava": "布拉提斯拉瓦"
    "Brussels": "布鲁塞尔"
    "Budapest": "布达佩斯"
    "Copenhagen": "哥本哈根"
    "Ljubljana": "卢比安纳"
    "Madrid": "马德里"
    "Paris": "巴黎"
    "Prague": "布拉格"
    "Rome": "罗马"
    "Sarajevo": "塞拉耶佛"
    "Skopje": "史高比耶"
    "Stockholm": "斯德哥尔摩"
    "Vienna": "维也纳"
    "Warsaw": "华沙"
    "West Central Africa": "中西非时区"
    "Zagreb": "札格瑞布"
    "Athens": "雅典"
    "Bucharest": "布加勒斯特"
    "Cairo": "开罗"
    "Harare": "哈拉雷"
    "Helsinki": "赫尔辛基"
    "Istanbul": "伊斯坦堡"
    "Jerusalem": "耶路撒冷"
    "Kyiv": "基辅"
    "Pretoria": "普勒托利亚"
    "Kaliningrad": "加里寧格勒"
    "Riga": "里加"
    "Sofia": "索菲亚"
    "Tallinn": "塔林"
    "Vilnius": "维尔纽斯"
    "Baghdad": "巴格达"
    "Kuwait": "科威特"
    "Minsk": "明斯克"
    "Nairobi": "奈洛比"
    "Riyadh": "利雅德"
    "Tehran": "德黑兰"
    "Abu Dhabi": "阿布达比"
    "Baku": "巴库"
    "Moscow": "莫斯科"
    "Muscat": "马斯喀特"
    "St. Petersburg": "圣彼得堡"
    "Tbilisi": "提比里斯"
    "Volgograd": "伏尔加格勒"
    "Samara": "薩馬拉"
    "Yerevan": "叶里温"
    "Kabul": "喀布尔"
    "Islamabad": "伊斯兰玛巴德"
    "Karachi": "喀拉蚩"
    "Tashkent": "塔什干"
    "Chennai": "清奈"
    "Kolkata": "加尔各答"
    "Mumbai": "孟买"
    "New Delhi": "新德里"
    "Sri Jayawardenepura": "科泰"
    "Kathmandu": "加德满都"
    "Almaty": "阿拉木图"
    "Astana": "阿斯塔纳"
    "Dhaka": "达卡"
    "Ekaterinburg": "叶卡捷琳堡"
    "Rangoon": "仰光"
    "Bangkok": "曼谷"
    "Hanoi": "河内"
    "Jakarta": "雅加达"
    "Novosibirsk": "新西伯利亚"
    "Beijing": "北京"
    "Chongqing": "重庆"
    "Hong Kong": "香港"
    "Krasnoyarsk": "克拉斯诺亚尔斯克"
    "Kuala Lumpur": "吉隆坡"
    "Perth": "珀斯"
    "Singapore": "新加坡"
    "Taipei": "台北"
    "Ulaan Bataar": "乌兰巴托"
    "Urumqi": "乌鲁木齐"
    "Irkutsk": "伊尔库茨克"
    "Osaka": "大阪"
    "Sapporo": "札幌"
    "Seoul": "首尔"
    "Tokyo": "东京"
    "Adelaide": "阿得雷德"
    "Darwin": "达尔文"
    "Brisbane": "布里斯本"
    "Canberra": "坎培拉"
    "Guam": "关岛"
    "Hobart": "荷巴特"
    "Melbourne": "墨尔本"
    "Port Moresby": "莫士比港"
    "Sydney": "雪梨"
    "Yakutsk": "雅库茨克"
    "New Caledonia": "新喀里多尼亚"
    "Vladivostok": "海参崴"
    "Srednekolymsk": "中科雷姆斯克"
    "Auckland": "奥克兰"
    "Fiji": "斐济"
    "Kamchatka": "堪察加"
    "Magadan": "马加丹"
    "Marshall Is.": "马绍尔群岛"
    "Solomon Is.": "索罗门群岛"
    "Wellington": "威灵顿"
    "Nuku'alofa": "努瓜娄发"
    "Samoa": "萨摩亚"
    "Tokelau Is.": "托克劳群岛"
    "Montevideo": "蒙得维的亚"
    "Ulaanbaatar": "乌兰巴托"
    "Chatham Is.": "查塔姆"
    "Zurich": "苏黎世"
