zh-TW:
  timezones:
    "American Samoa": "美屬薩摩亞群島"
    "International Date Line West": "國際換日線(西)"
    "Midway Island": "中途島"
    "Hawaii": "夏威夷"
    "Alaska": "阿拉斯加"
    "Pacific Time (US & Canada)": "太平洋時區(美國與加拿大)"
    "Tijuana": "提華納"
    "Arizona": "亞利桑那州"
    "Chihuahua": "契瓦瓦"
    "Mazatlan": "馬薩特蘭"
    "Mountain Time (US & Canada)": "山區時區(美國與加拿大)"
    "Central America": "中美洲"
    "Central Time (US & Canada)": "中部時區(美國與加拿大)"
    "Guadalajara": "瓜達拉哈拉"
    "Mexico City": "墨西哥市"
    "Monterrey": "蒙特雷"
    "Saskatchewan": "薩斯喀徹溫"
    "Bogota": "波哥大"
    "Eastern Time (US & Canada)": "東部時區(美國與加拿大)"
    "Indiana (East)": "印第安那州(東部)"
    "Lima": "利馬"
    "Quito": "基多"
    "Caracas": "卡拉卡斯"
    "Atlantic Time (Canada)": "大西洋時間(加拿大)"
    "Georgetown": "喬治城"
    "La Paz": "拉巴斯"
    "Santiago": "聖地亞哥"
    "Newfoundland": "紐芬蘭"
    "Brasilia": "巴西利亞"
    "Buenos Aires": "布宜諾斯艾利斯"
    "Greenland": "格陵蘭"
    "Mid-Atlantic": "大西洋中部"
    "Azores": "亞速群島"
    "Cape Verde Is.": "維德角島"
    "Casablanca": "達爾貝達"
    "Dublin": "都布林"
    "Edinburgh": "愛丁堡"
    "Lisbon": "里斯本"
    "London": "倫敦"
    "Monrovia": "蒙羅維亞"
    "UTC": "世界標準時間"
    "Amsterdam": "阿姆斯特丹"
    "Belgrade": "貝爾格勒"
    "Berlin": "柏林"
    "Bern": "伯恩"
    "Bratislava": "布拉提斯拉瓦"
    "Brussels": "布魯塞爾"
    "Budapest": "布達佩斯"
    "Copenhagen": "哥本哈根"
    "Ljubljana": "盧比安納"
    "Madrid": "馬德里"
    "Paris": "巴黎"
    "Prague": "布拉格"
    "Rome": "羅馬"
    "Sarajevo": "塞拉耶佛"
    "Skopje": "史高比耶"
    "Stockholm": "斯德哥爾摩"
    "Vienna": "維也納"
    "Warsaw": "華沙"
    "West Central Africa": "中西非時區"
    "Zagreb": "札格瑞布"
    "Athens": "雅典"
    "Bucharest": "布加勒斯特"
    "Cairo": "開羅"
    "Harare": "哈拉雷"
    "Helsinki": "赫爾辛基"
    "Istanbul": "伊斯坦堡"
    "Jerusalem": "耶路撒冷"
    "Kyiv": "基輔"
    "Pretoria": "普勒托利亞"
    "Riga": "里加"
    "Sofia": "索菲亞"
    "Tallinn": "塔林"
    "Vilnius": "維爾紐斯"
    "Baghdad": "巴格達"
    "Kuwait": "科威特"
    "Minsk": "明斯克"
    "Nairobi": "奈洛比"
    "Riyadh": "利雅德"
    "Tehran": "德黑蘭"
    "Abu Dhabi": "阿布達比"
    "Baku": "巴庫"
    "Moscow": "莫斯科"
    "Muscat": "馬斯喀特"
    "St. Petersburg": "聖彼得堡"
    "Tbilisi": "提比里斯"
    "Volgograd": "伏爾加格勒"
    "Yerevan": "葉里溫"
    "Kabul": "喀布爾"
    "Islamabad": "伊斯蘭瑪巴德"
    "Karachi": "喀拉蚩"
    "Tashkent": "塔什干"
    "Chennai": "清奈"
    "Kolkata": "加爾各答"
    "Mumbai": "孟買"
    "New Delhi": "新德里"
    "Sri Jayawardenepura": "科泰"
    "Kathmandu": "加德滿都"
    "Almaty": "阿拉木圖"
    "Astana": "阿斯塔納"
    "Dhaka": "達卡"
    "Ekaterinburg": "葉卡捷琳堡"
    "Rangoon": "仰光"
    "Bangkok": "曼谷"
    "Hanoi": "河內"
    "Jakarta": "雅加達"
    "Novosibirsk": "新西伯利亞"
    "Beijing": "北京"
    "Chongqing": "重慶"
    "Hong Kong": "香港"
    "Krasnoyarsk": "克拉斯諾亞爾斯克"
    "Kuala Lumpur": "吉隆坡"
    "Perth": "珀斯"
    "Singapore": "新加坡"
    "Taipei": "台北"
    "Ulaan Bataar": "烏蘭巴托"
    "Urumqi": "烏魯木齊"
    "Irkutsk": "伊爾庫茨克"
    "Osaka": "大阪"
    "Sapporo": "札幌"
    "Seoul": "首爾"
    "Tokyo": "東京"
    "Adelaide": "阿得雷德"
    "Darwin": "達爾文"
    "Brisbane": "布里斯本"
    "Canberra": "坎培拉"
    "Guam": "關島"
    "Hobart": "荷巴特"
    "Melbourne": "墨爾本"
    "Port Moresby": "莫士比港"
    "Sydney": "雪梨"
    "Yakutsk": "雅庫茨克"
    "New Caledonia": "新喀里多尼亞"
    "Vladivostok": "海參崴"
    "Auckland": "奧克蘭"
    "Fiji": "斐濟"
    "Kamchatka": "堪察加"
    "Magadan": "馬加丹"
    "Marshall Is.": "馬紹爾群島"
    "Solomon Is.": "索羅門群島"
    "Wellington": "威靈頓"
    "Nuku'alofa": "努瓜婁發"
    "Samoa": "薩摩亞"
    "Tokelau Is.": "托克勞群島"
    "Montevideo": "蒙得維的亞"
    "Ulaanbaatar": "烏蘭巴托"
    "Chatham Is.": "查塔姆"
    "Zurich": "蘇黎世"
    "Kaliningrad": "加里寧格勒"
    "Samara": "薩馬拉"
    "Srednekolymsk": "中科雷姆斯克"
